EmployeeID,F_Name,L_Name,Hire_Date,Job_TitleID,PhoneNumber,Email,ManagerID
1,Josephine,Boyle,2002-03-11,104,(903) 818-0623,petu_lowada62@gmail.com,226
2,Robin,Gallagher,2004-09-30,81,(505) 766-2417,biseviz_ani57@mail.com,224
3,Elliott,Kirk,2014-02-19,46,(768) 296-5527,ladibuv-ata2@hotmail.com,84
4,Alessandro,Hutchinson,2009-12-11,58,(798) 715-8009,lumamik_awu58@aol.com,42
5,Jamie,Conner,2010-05-18,2,(710) 205-2954,keso-kuvizu52@mail.com,71
6,Phillip,Lambert,2021-11-05,11,(606) 499-6026,kig-idetuge67@yahoo.com,206
7,Nina,Friedman,2024-04-23,97,(927) 922-1100,wuduxu-nasu74@hotmail.com,12
8,Darwin,Campos,2023-02-26,111,(622) 636-2545,cup-ivowuxi91@aol.com,168
9,Sutton,Bradshaw,2024-10-11,44,(600) 832-1743,ponuvi_lexo60@hotmail.com,52
10,Emory,Good,2025-07-07,108,(205) 869-0311,havewud_ice10@yahoo.com,281
11,Nathalia,Davenport,2003-02-07,13,(335) 395-9359,dapifa_ruka84@mail.com,223
12,Dariel,Morrow,2002-02-13,96,(614) 990-5436,raseg_ikomu86@gmail.com,225
13,Reyna,Preston,2011-01-15,22,(393) 340-5072,muwarem_eku1@mail.com,32
14,Vincenzo,McKenzie,2009-09-03,54,(589) 576-0771,hudi_wevahu59@yahoo.com,61
15,Briar,Montes,2017-02-24,54,(729) 261-7590,cugik_asana13@outlook.com,201
16,Darren,Reid,2022-06-28,27,(906) 455-5038,pekel_iwiji19@yahoo.com,93
17,Charlee,Warner,2023-04-01,7,(827) 996-0130,kotox_ehaya96@yahoo.com,163
18,Jaxton,Fields,2023-02-24,101,(805) 228-0180,zeyel_adoji78@outlook.com,274
19,Annie,Whitney,2025-01-17,99,(876) 302-4045,zag-ujojomo15@aol.com,12
20,Jeffery,Rosario,2025-07-13,112,(399) 458-9640,fetol_agigi37@aol.com,168
21,Louisa,Nicholson,2003-03-21,17,(514) 714-5009,ceramo-wuco90@yahoo.com,223
22,Rodrigo,Reid,2004-06-07,73,(997) 391-2984,gat_abaxino92@mail.com,224
23,Charlee,Murphy,2020-12-17,70,(664) 271-7478,nojat_alubo89@aol.com,31
24,Cameron,Middleton,2018-05-19,66,(265) 286-5886,muga_lefuja29@yahoo.com,103
25,Madalyn,Lynch,2005-06-25,6,(580) 708-5765,cow_enupudi13@gmail.com,163
26,Zane,Lester,2012-09-29,58,(830) 754-6250,xegaf-ivaxu88@hotmail.com,104
27,Averi,Nichols,2023-12-07,59,(841) 530-3351,sizuyuz-emo34@yahoo.com,104
28,Atlas,Archer,2023-11-27,51,(376) 998-6836,milu_visiga32@aol.com,227
29,Kadence,Woods,2025-06-12,64,(578) 337-4734,rakulen_uva41@mail.com,273
30,Zion,Booker,2025-03-10,16,(846) 266-5045,yamobo_fani17@outlook.com,11
31,Nataly,Cooper,2004-05-09,69,(266) 246-6726,poxam-azeju79@yahoo.com,223
32,Jonathan,Coleman,2003-03-24,21,(843) 903-8870,yayexi-wicu9@mail.com,223
33,Julia,Morgan,2008-09-01,110,(757) 912-9353,lojo-cuyoka34@mail.com,41
34,Hunter,Montes,2018-07-03,74,(866) 459-6243,tex-aximeso81@outlook.com,22
35,Roselyn,Ford,2021-07-02,71,(643) 435-9341,buko_cetazo68@gmail.com,31
36,Luis,Beasley,2020-11-07,110,(613) 467-7442,yed-ezehosa53@outlook.com,168
37,Jaylah,Nelson,2022-09-18,47,(244) 476-2294,juj-idepabu96@outlook.com,144
38,Dylan,Clayton,2023-05-23,27,(968) 698-9010,cuyesel_awo24@outlook.com,211
39,Saige,Rhodes,2025-06-25,93,(967) 860-7415,sif-iziredi12@aol.com,173
40,Titus,Hall,2024-08-01,99,(317) 398-8924,gek-ajobexu88@yahoo.com,56
41,Leah,Zimmerman,2002-05-15,109,(588) 383-9838,letarad-ige80@hotmail.com,224
42,Sergio,Jennings,2001-08-08,57,(934) 770-6951,todun-anosi7@mail.com,223
43,Palmer,Collier,2012-03-12,42,(545) 503-2452,dulifi-yiru84@gmail.com,52
44,Edison,Cabrera,2007-10-17,92,(919) 868-2271,moyafez_upo36@yahoo.com,51
45,Daleyza,Spencer,2020-03-14,95,(514) 247-4862,vehoyu_buce84@aol.com,143
46,Ace,Booth,2012-06-11,46,(305) 563-4808,zakawex-ago9@hotmail.com,144
47,Zariyah,Whitaker,2024-04-04,71,(532) 299-6703,cum_ekipewu74@outlook.com,62
48,Keith,Carr,2023-01-24,71,(491) 816-6030,kocabu_dico52@mail.com,31
49,Rowan,Clay,2025-03-22,24,(233) 294-3766,mayeru-nusu28@yahoo.com,32
50,Yosef,Mercado,2024-10-26,48,(811) 440-5391,loni-jelusa98@mail.com,144
51,Mckinley,Trejo,2002-02-01,91,(240) 342-6890,nica-ciraxi68@aol.com,224
52,Wesson,Vaughan,2003-11-10,41,(763) 787-2799,hoxayey-ema78@outlook.com,223
53,Nancy,Stuart,2005-11-29,26,(924) 403-7075,nudo-jenuji90@aol.com,93
54,Dion,Strong,2009-02-22,34,(327) 431-3084,nofoci_geci56@gmail.com,258
55,Margo,Richards,2006-03-04,30,(432) 733-1298,jelo-vudiro49@mail.com,153
56,Holden,Levy,2005-01-01,96,(527) 600-1330,nitebu-sene64@gmail.com,225
57,Flora,Floyd,2022-09-07,43,(623) 401-2454,fuji-dejowu24@aol.com,52
58,Pierce,Neal,2023-12-26,67,(337) 291-5530,faci_nesisa22@gmail.com,103
59,Talia,Olsen,2025-02-27,8,(738) 228-8257,zaronih-epu20@aol.com,163
60,Skyler,Truong,2024-08-19,8,(731) 648-6941,novez-ageyo57@aol.com,275
61,Judith,McLaughlin,2004-02-17,53,(635) 763-3928,zipew_eniru11@yahoo.com,223
62,Ibrahim,Garner,2001-09-17,69,(387) 644-0126,feza-pikego22@mail.com,223
63,Jacqueline,Park,2011-08-28,30,(573) 960-0250,kematu-veho75@outlook.com,153
64,Daxton,Dominguez,2014-09-22,70,(738) 473-1152,cokep_isuji43@yahoo.com,62
65,Raegan,Shields,2021-07-05,71,(908) 237-6851,dapor-oyiya91@aol.com,62
66,Devon,Nash,2013-05-05,10,(255) 701-7382,guto-tojoxa94@outlook.com,206
67,Novah,Clark,2024-01-27,107,(699) 701-8213,mipa-gopare13@aol.com,1
68,John,Bradshaw,2024-06-19,71,(732) 741-2231,vuluva_pixo10@mail.com,31
69,Berkley,Sanders,2025-06-11,60,(756) 437-1733,cotey_ijibi1@gmail.com,104
70,Jose,Martinez,2024-08-30,12,(396) 802-3753,tan_ezewele45@mail.com,206
71,Harper,Ellison,2002-05-29,1,(795) 273-7269,kac-ediwivu27@yahoo.com,223
72,Kye,Harper,2001-11-10,79,(571) 790-1407,xapi_milixi95@outlook.com,224
73,Ana,Harris,2019-06-19,106,(227) 352-2521,lukuj_ugizi74@outlook.com,281
74,Samuel,Short,2012-10-12,62,(274) 398-5821,wujudo_vepa66@aol.com,113
75,Cheyenne,Berg,2014-09-03,66,(903) 924-1579,gewi-zozexa10@gmail.com,174
76,Cayson,Wyatt,2019-08-16,110,(318) 496-3074,wele_vetozi20@aol.com,41
77,Liberty,Kent,2019-05-06,101,(970) 979-8193,nomo-weluke85@outlook.com,288
78,Mekhi,Hayden,2009-02-06,26,(352) 999-1872,zur-ufayenu17@mail.com,93
79,Avayah,Dickson,2023-06-26,31,(367) 422-0524,nix_uhorofe20@mail.com,153
80,Maxton,Moody,2023-08-27,35,(585) 398-6059,pexado_caci8@gmail.com,258
81,Elaine,Terry,2024-08-03,4,(265) 931-0547,vudice_cewi78@hotmail.com,71
82,Armani,Esparza,2025-06-24,78,(922) 768-7236,buloram-aka36@hotmail.com,154
83,Ramona,Kane,2004-02-02,49,(589) 293-3273,jogeno_zeve77@hotmail.com,223
84,Brock,Bates,2001-07-21,45,(435) 213-0764,remukub_ade53@mail.com,223
85,Madilyn,Yates,2009-05-02,42,(476) 525-9434,sego_bupasu85@aol.com,134
86,Braylon,Gibbs,2006-09-05,58,(759) 953-0540,woredod_iwa56@hotmail.com,42
87,Carter,Bravo,2007-09-03,80,(575) 954-8530,fol-ikuyipo57@mail.com,72
88,Genesis,Moran,2012-02-28,38,(252) 473-4416,vuyu-jivaji76@mail.com,133
89,Celeste,Anderson,2023-05-02,19,(314) 547-3660,navac_umaho69@outlook.com,21
90,Jacob,Morgan,2022-10-15,51,(436) 286-1425,vesoyu_cihu23@hotmail.com,83
91,Delilah,Thornton,2025-04-06,36,(361) 828-9862,japefo-pifa59@outlook.com,258
92,Malik,Wright,2025-02-16,112,(374) 598-0629,wohen-eveke26@hotmail.com,41
93,Lily,Blake,2003-03-28,25,(984) 208-2581,kumug_ovasu30@gmail.com,223
94,Zyaire,Harrington,2001-03-24,13,(555) 644-2407,pudema_vefu83@yahoo.com,223
95,Legacy,Swanson,2006-03-29,38,(437) 216-2592,vom_ukiniwo92@outlook.com,133
96,Hugo,Valdez,2015-08-27,18,(996) 708-5129,doyoga-lome48@hotmail.com,21
97,Diana,Stephenson,2010-08-13,10,(320) 493-6320,pete-venaxi90@aol.com,206
98,Joe,Lane,2007-05-12,77,(337) 817-8494,hixocu-ruro81@aol.com,114
99,Amy,Burnett,2024-04-04,97,(562) 757-8956,cufus_arawe56@outlook.com,56
100,Davis,Austin,2023-09-08,39,(858) 597-0000,hedos-ofuse20@mail.com,133
101,Alivia,Joseph,2024-09-20,28,(999) 924-7627,novex_abidu16@aol.com,93
102,Kyle,Anthony,2025-03-18,20,(341) 232-0712,xitax-upahi26@hotmail.com,21
103,Macy,Donaldson,2004-03-13,65,(675) 308-2051,lidiwak_oku71@outlook.com,223
104,Canaan,Humphrey,2004-03-11,57,(916) 361-0521,govahi-tigi37@mail.com,223
105,Journi,Dunlap,2018-09-21,80,(716) 487-2331,zorezo_zeru77@hotmail.com,184
106,Aries,Jackson,2013-11-25,26,(480) 733-2297,pekus-idaku17@outlook.com,211
107,Avery,Jensen,2020-03-12,92,(286) 611-4710,hob_oyafewa55@hotmail.com,173
108,Cash,Bradley,2008-10-08,6,(370) 894-2510,liwoliz-axe12@outlook.com,163
109,Vanessa,Benjamin,2022-11-30,55,(669) 505-7839,kutemo-wamu49@gmail.com,201
110,Kyro,O’Neill,2023-01-01,63,(957) 343-2598,patuzi_wali50@yahoo.com,273
111,Kenna,Horton,2024-10-28,52,(610) 414-9811,fesa_dexesa15@yahoo.com,227
112,Garrett,Harvey,2024-11-24,60,(352) 203-2339,heduke-revo14@outlook.com,42
113,Nicole,Burnett,2004-03-11,61,(278) 761-2081,vomaci_mihu29@mail.com,223
114,Davis,Odom,2001-10-30,76,(572) 880-5312,puwim-iyidu85@hotmail.com,224
115,Laylani,Lynn,2020-07-29,105,(815) 546-3795,hubuyaw-uya8@outlook.com,1
116,Zechariah,Cuevas,2007-04-14,74,(646) 201-1296,gebo-dahoyu8@outlook.com,215
117,Adele,Carr,2018-11-18,95,(950) 478-9773,kuxu_zakavu32@mail.com,277
118,Kash,Merritt,2018-09-18,77,(866) 411-4438,gede-vepesu25@mail.com,154
119,Kaisley,Griffin,2024-07-12,72,(939) 712-3922,kimulos_aya61@outlook.com,31
120,Ayden,Pineda,2023-10-28,43,(787) 863-0020,dewib-iseti40@yahoo.com,134
121,Nola,Taylor,2024-09-03,16,(484) 453-3347,mef_efasuya71@outlook.com,94
122,Jackson,Finley,2025-05-10,44,(940) 761-4256,mahi-wuzore61@yahoo.com,134
123,Jovie,Travis,2001-05-09,21,(362) 979-9918,gikix_atupi39@hotmail.com,223
124,Willie,Proctor,2001-05-03,17,(203) 615-2977,dopobo-boji14@outlook.com,223
125,Chandler,Lyons,2009-04-07,38,(636) 371-6270,jed_ilosufu28@yahoo.com,164
126,Cyrus,Mata,2013-05-10,14,(673) 233-5041,bico-mepipe90@hotmail.com,11
127,Lillie,Bonilla,2009-07-26,50,(791) 721-2916,davefiw_ozo41@hotmail.com,83
128,Aden,Bailey,2017-09-24,58,(539) 609-8618,kifeg_opodo81@hotmail.com,104
129,Kennedy,Landry,2022-08-01,35,(553) 532-2068,rup_uvixefo48@aol.com,276
130,Jaxx,Benton,2023-12-17,63,(916) 968-5796,yid_idoveve64@gmail.com,113
131,Anais,Moore,2024-12-21,78,(201) 881-4738,lote_havace70@yahoo.com,114
132,Levi,Johnson,2025-01-03,93,(642) 584-3831,litujod-oce95@yahoo.com,51
133,Emma,Parks,2003-10-06,37,(398) 408-5996,xega_vanihi73@mail.com,223
134,Gianni,Greer,2001-06-13,41,(587) 507-3044,col-amebewe73@aol.com,223
135,Reina,Spencer,2018-05-24,70,(613) 395-1307,kote_vohune47@mail.com,31
136,Ace,Shelton,2005-09-24,18,(838) 988-5833,sesek_izano21@mail.com,21
137,Makenzie,Atkinson,2014-07-04,54,(916) 319-9170,zudulir_esi45@gmail.com,61
138,Duke,McIntosh,2016-09-01,50,(717) 816-1491,beliz-ucufu5@hotmail.com,227
139,Gwen,Peters,2023-05-03,23,(408) 846-7592,moba_duzeze37@outlook.com,32
140,Patrick,Crawford,2023-01-28,83,(713) 210-4685,cigusa_sivo93@hotmail.com,232
141,Aubree,Lang,2024-12-28,84,(348) 580-5735,wina_rezayi48@yahoo.com,232
142,Wells,Snyder,2024-12-20,72,(670) 299-6879,labesof-epu57@yahoo.com,62
143,Callie,Green,2002-02-10,94,(732) 299-6407,wehoyif-usu55@aol.com,225
144,Anthony,Perkins,2003-11-13,45,(729) 891-9729,saxav-eboke73@outlook.com,223
145,Sage,Duarte,2016-06-27,46,(253) 321-8600,tiwone_nodu15@yahoo.com,84
146,Abdullah,Curry,2010-02-24,70,(599) 369-9363,suk-ehunina5@yahoo.com,62
147,Alison,Ray,2005-08-01,10,(449) 661-0340,gafedu_jepe54@gmail.com,236
148,Arlo,Ward,2013-07-25,18,(700) 806-6331,fipa_wapice26@yahoo.com,124
149,Ariana,Finley,2024-01-24,101,(269) 975-8764,ruho-zotuki91@mail.com,274
150,Calum,Lin,2023-11-11,47,(675) 268-9523,wigeriv-oru2@hotmail.com,84
151,Makenna,Dougherty,2024-09-22,32,(680) 417-2688,yowe_dozuco49@mail.com,153
152,Brett,Trujillo,2025-04-28,40,(545) 614-0313,bavayob_atu34@hotmail.com,133
153,Danielle,Torres,2003-06-12,29,(215) 220-1876,vixemom_ino29@outlook.com,223
154,Jayden,Fitzgerald,2004-09-17,76,(778) 938-5885,miy-ikoheme14@mail.com,224
155,Marlee,Price,2014-01-30,30,(781) 761-8885,deyi-nozupu16@hotmail.com,247
156,Brooks,Galindo,2018-10-20,82,(577) 378-5525,ziru_belaxo63@hotmail.com,2
157,Corinne,Cisneros,2012-10-21,66,(388) 646-6187,poc_omefine56@yahoo.com,103
158,Alden,Avery,2016-03-25,34,(392) 540-6468,tuk-ubawijo60@aol.com,258
159,Meghan,Owen,2023-03-26,3,(239) 926-2692,pimay_ogije88@aol.com,71
160,Cannon,Boyer,2024-06-17,111,(344) 564-6108,zen-areraja4@mail.com,41
161,Chaya,Kirk,2025-05-28,48,(283) 856-2022,pobak_uzewa91@hotmail.com,84
162,Alessandro,Leach,2025-02-03,108,(372) 300-5477,xexoc_ecefo97@outlook.com,1
163,Martha,Lucas,2001-02-26,5,(240) 806-0985,demapox_ubi12@hotmail.com,223
164,Chance,Vega,2001-05-31,37,(583) 240-1725,zapupu-yeti95@outlook.com,223
165,Dakota,Yang,2007-04-08,70,(891) 358-1998,necowah-ema19@mail.com,31
166,Malcolm,Boyer,2014-11-10,6,(327) 607-1119,jixoha_pabo81@gmail.com,275
167,Chaya,Bryan,2006-10-09,62,(545) 860-0424,biw-ogogowa6@gmail.com,273
168,Jaxtyn,Silva,2005-04-08,109,(399) 486-1470,yayuw_evata87@gmail.com,224
169,Lucia,Byrd,2023-04-27,15,(766) 926-4642,bivosiz_eca34@gmail.com,11
170,Cristian,Hail,2024-04-23,102,(399) 430-9081,tazahe_caro9@hotmail.com,288
171,Lainey,Yang,2025-02-25,4,(964) 442-8810,pawu_wosasi59@outlook.com,183
172,Malcolm,Crawford,2025-01-20,103,(265) 258-1195,fapuw_umusi34@gmail.com,274
173,Aubree,Anthony,2004-10-01,91,(916) 611-1565,kikuy-ixayo22@outlook.com,224
174,Shiloh,Hunter,2001-09-13,65,(616) 664-7274,wuziri-necu96@outlook.com,223
175,Khloe,McCarthy,2014-02-18,42,(857) 252-7271,reseho_vite42@hotmail.com,52
176,Devin,Aguirre,2021-07-22,102,(444) 430-1398,yij_ijehowe78@outlook.com,274
177,Ariah,Olsen,2007-02-11,66,(994) 570-8082,yipeg_uzuku66@gmail.com,174
178,Skyler,Moreno,2013-03-22,6,(948) 629-5298,wikono_busu39@gmail.com,163
179,Mary,Schmitt,2023-01-12,67,(871) 374-0669,kogov_abara17@outlook.com,174
180,Murphy,Gardner,2024-05-03,107,(350) 791-8328,dokoham_eta67@yahoo.com,281
181,Jordyn,Suarez,2025-03-09,12,(777) 544-6940,luxoto_zafo40@outlook.com,236
182,Soren,Navarro,2024-12-01,64,(207) 993-3206,durizu-vako46@yahoo.com,113
183,Winter,Lane,2001-01-11,1,(768) 745-7648,ruyu-xayeha93@aol.com,223
184,Matias,Hancock,2004-09-24,79,(789) 832-1307,nazojey_uxa29@gmail.com,224
185,Katelyn,Collins,2016-04-09,38,(865) 654-4193,wag-akovope31@yahoo.com,133
186,Miles,Cochran,2006-06-29,54,(644) 376-6648,bube_cazefi5@hotmail.com,201
187,Alma,Owens,2020-05-24,97,(337) 957-8407,hotahu-kevu81@outlook.com,12
188,Adriel,Guzman,2008-08-02,101,(527) 355-8947,dexa-cosaho18@hotmail.com,288
189,Ashley,Hartman,2014-02-11,34,(401) 573-3209,xud_epenixi26@yahoo.com,276
190,Baker,Bell,2014-11-13,10,(249) 738-1383,miwoke-tipu57@gmail.com,206
191,Melody,Armstrong,2008-11-10,10,(652) 363-5949,duwaduz-ara32@gmail.com,236
192,Grant,Walker,2012-08-05,54,(623) 841-8228,lojusof_aho56@mail.com,61
193,Hazel,Castillo,2008-12-10,14,(365) 863-8492,zalis-ezohu69@outlook.com,11
194,Kai,Moran,2013-03-16,2,(842) 440-3189,neyemit_egu45@hotmail.com,71
195,Celeste,Ventura,2020-01-22,82,(221) 427-3551,sacono_reye40@mail.com,232
196,Branson,Ho,2007-09-11,82,(330) 365-7022,fewot_ayeru62@aol.com,2
197,Calliope,Yates,2024-02-06,111,(999) 949-6303,hewoyus_oxu96@hotmail.com,168
198,Braylon,Melton,2023-12-05,55,(523) 849-8006,mos_otikiba51@yahoo.com,61
199,Kamiyah,Carson,2025-07-01,99,(882) 566-5780,papa-sefimu40@aol.com,12
200,Ares,Ayala,2025-06-08,52,(967) 299-4074,wef-ilonelu24@hotmail.com,83
201,Blair,Chavez,2001-07-28,53,(257) 451-1420,povabu-tahi42@outlook.com,223
202,Ian,Patton,2016-05-02,42,(712) 738-8432,vilo_lusepu96@aol.com,134
203,Lorelei,Cisneros,2008-12-17,18,(828) 266-9307,pusize_xefi78@mail.com,21
204,Alden,Murphy,2014-08-10,62,(987) 608-4349,doyuk-ijace7@yahoo.com,113
205,Bella,Callahan,2025-06-16,75,(350) 633-7077,yovi_zutohe33@aol.com,215
206,Quinton,Ali,2001-03-13,9,(364) 387-7328,wiyif-egori72@hotmail.com,223
207,Zelda,Patel,2020-01-04,80,(868) 927-5628,hoz_ezurafi92@aol.com,72
208,Parker,Ward,2007-12-18,97,(555) 217-6992,wumijuy-ahe21@mail.com,56
209,Ariana,Bernard,2022-02-16,19,(331) 693-1578,xexet_ayufe15@mail.com,124
210,Jair,Pacheco,2025-04-01,32,(757) 443-5880,serigoy_ezo50@yahoo.com,247
211,Paris,Lynn,2001-05-22,25,(829) 889-3677,yofico-kuxa8@yahoo.com,223
212,Zechariah,Henry,2009-07-15,46,(434) 742-4689,yalo-muvara20@mail.com,144
213,Summer,Frost,2010-07-05,6,(938) 677-7575,kaxib-igowe24@aol.com,275
214,Dario,Rubio,2014-02-12,38,(878) 522-1942,pejozub-ufo60@aol.com,164
215,Hadassah,Dennis,2001-10-28,73,(300) 785-4896,pel_onogofo46@outlook.com,224
216,Emanuel,Merritt,2008-08-30,106,(643) 829-2444,fite_wedezi80@outlook.com,1
217,Kaisley,Thomas,2005-04-08,2,(449) 742-3429,bot-enanibi72@outlook.com,71
218,Logan,Torres,2018-11-15,92,(919) 836-2950,xonup-iboye19@gmail.com,51
219,Violet,Yang,2022-07-24,31,(831) 897-0911,voba-teyoja66@mail.com,247
220,Malcolm,Mercado,2024-09-07,24,(851) 471-3657,parasi_pefu64@mail.com,123
221,Mckinley,Cummings,1996-01-21,87,(834) 532-8454,neji-yapaci21@hotmail.com,223
222,Raiden,Stout,1995-08-26,85,(938) 348-8485,tofu-meximi99@mail.com,Null
223,Chana,Saunders,1995-10-23,86,(568) 863-5974,muz_ugotuho19@aol.com,222
224,Kasen,Collins,1999-01-31,90,(567) 213-4234,ticuwu-sawe48@mail.com,223
225,Kinsley,Mendez,1996-02-16,88,(978) 946-9517,con_anakume94@yahoo.com,223
226,Arthur,Carey,1997-03-25,89,(246) 221-6470,hicudo_cogu34@aol.com,223
227,Alora,Silva,2001-07-22,49,(860) 923-9309,webod_ibeji86@hotmail.com,223
228,Luka,Austin,2015-11-24,22,(798) 668-7400,yocez_usera41@hotmail.com,32
229,Alivia,Duarte,2005-08-08,14,(657) 493-5986,weciba-vuda57@hotmail.com,94
230,Abdullah,Barber,2011-06-13,26,(389) 573-8704,dupetog_enu18@gmail.com,93
231,Cassidy,Lucero,2025-07-06,103,(733) 780-7105,dunum_itako50@aol.com,288
232,Felipe,Sweeney,2001-12-08,81,(880) 804-7742,cozu-nucaba53@hotmail.com,224
233,Yara,Dudley,2021-09-23,111,(335) 561-2253,lakur_imizi95@outlook.com,41
234,Colter,Garner,2006-05-27,42,(560) 845-1696,ben-ocehido51@gmail.com,52
235,Jacqueline,Marsh,2010-12-07,18,(454) 922-0473,kon-iyohuvo90@yahoo.com,124
236,Bo,Kelley,2002-08-01,9,(710) 798-3082,datipi_toto7@gmail.com,223
237,Rosalie,Kennedy,2008-08-24,105,(341) 623-6075,gocoleh-omi45@outlook.com,281
238,Maxwell,Jensen,2014-07-09,58,(278) 260-3228,nekudes_eda1@hotmail.com,42
239,Jane,Kane,2022-03-14,23,(457) 438-7313,rahawaz_api56@yahoo.com,123
240,Brock,Miranda,2006-03-20,34,(246) 685-5790,naxo-zoyawa77@aol.com,258
241,Amina,Garrison,2020-06-10,101,(402) 254-7453,meye_wibere25@hotmail.com,274
242,Noe,Park,2008-12-22,22,(335) 946-7218,zoy_ucutede96@hotmail.com,123
243,Lia,Contreras,2022-12-10,59,(409) 396-1695,nisu_vewevi28@aol.com,42
244,Emilio,Shah,2024-01-19,98,(450) 292-2869,yab-eyogelu39@aol.com,56
245,Angelica,Arroyo,2025-03-29,28,(483) 665-2281,ceselam_afe80@outlook.com,211
246,Alberto,Butler,2025-06-08,56,(604) 916-4233,doba_bayaki48@yahoo.com,201
247,Athena,Reeves,2001-05-22,29,(365) 840-3807,jisek_akeba73@mail.com,223
248,Clark,Tyler,2020-10-12,106,(410) 267-4250,mit_iyewiyu92@outlook.com,281
249,Helena,Fischer,2006-06-03,46,(869) 416-2078,luluna-kago83@hotmail.com,84
250,Leonidas,Jarvis,2019-06-09,105,(488) 400-0294,jut_axecani14@outlook.com,1
251,Elisabeth,Schroeder,2006-06-12,50,(471) 408-8231,cuminot-eha89@outlook.com,83
252,Izaiah,Rush,2021-10-12,7,(965) 927-9101,mikapaj_iti14@aol.com,275
253,Maleah,Parsons,2015-12-19,26,(538) 841-9398,difaxab-ijo59@gmail.com,211
254,Lewis,Kelley,2023-02-25,107,(964) 870-9335,xezadip-epi9@hotmail.com,1
255,Rosalie,McConnell,2023-02-01,98,(525) 420-6886,toguzu-xeyi83@gmail.com,12
256,London,Vo,2024-12-14,68,(806) 891-9418,finuy-ugula17@mail.com,103
257,Artemis,Estrada,2024-08-02,103,(996) 416-2955,yefex-edecu60@aol.com,274
258,Phoenix,Hunter,2003-06-28,33,(451) 437-5193,bar-avosite22@hotmail.com,223
259,Khloe,Roberts,2011-12-07,34,(896) 316-0385,yigagu-pivo4@mail.com,276
260,Josiah,Gibson,2012-11-11,70,(275) 413-6370,bum_osaxowo5@yahoo.com,62
261,Eden,Spears,2016-03-10,30,(740) 458-6688,hig_epapesu60@hotmail.com,153
262,Ameer,Lang,2019-10-04,74,(885) 953-5297,sagiboz_udo16@mail.com,22
263,Amirah,Ellis,2010-10-24,14,(910) 222-4552,fok_icodube70@outlook.com,11
264,Cole,Joseph,2008-09-07,2,(449) 723-4342,vuhijih-ixe87@outlook.com,183
265,Gracelynn,Xiong,2005-10-22,22,(437) 637-1759,zalogox-odu82@yahoo.com,32
266,Azrael,Lugo,2018-12-05,97,(741) 600-8140,batucew_exu90@aol.com,12
267,Kaylie,Wilkinson,2021-07-13,98,(657) 675-2079,leze-kojuru49@mail.com,56
268,Leonard,Barrera,2013-08-13,22,(400) 467-9927,josed_obula94@yahoo.com,123
269,Beatrice,Silva,2009-02-08,30,(629) 217-4748,medaxu_lono52@hotmail.com,247
270,Luka,Snyder,2025-06-24,84,(902) 220-3191,cehero-sise36@mail.com,2
271,Callie,Bernal,2025-06-13,68,(748) 710-3752,zipev_ofiri5@gmail.com,174
272,Eithan,Espinosa,2024-10-05,40,(761) 908-8968,sem-egereho62@aol.com,164
273,Braylee,Parra,2001-08-09,61,(479) 706-4009,gayoha_cije20@gmail.com,223
274,Davion,Richardson,2002-02-16,100,(209) 573-1637,ciwi-sakotu47@aol.com,225
275,Allison,Barton,2002-06-23,5,(930) 689-9191,bire_mufofo45@yahoo.com,223
276,Cassius,Kim,2001-05-26,33,(549) 749-9184,sulif-etuca67@aol.com,223
277,Gabriella,Bowen,2004-11-15,94,(855) 773-5995,nohufoz_oyu73@mail.com,225
278,Trevor,Gibson,2017-11-07,62,(566) 579-6089,besutiy_eke41@hotmail.com,273
279,Eden,Bridges,2010-02-09,66,(797) 924-1769,casod_epepo3@yahoo.com,103
280,Mohammed,Hensley,2021-10-10,3,(641) 213-4429,lep-erilofa92@aol.com,183
281,Malaya,Barajas,2005-03-08,104,(981) 823-2485,wesepiv-abe61@aol.com,226
282,Brennan,Kennedy,2010-01-04,62,(599) 606-9103,jife_lohefe27@gmail.com,113
283,Brianna,Juarez,2014-04-04,50,(388) 994-9134,sihe_vovipo11@aol.com,227
284,Joaquin,Crane,2015-08-15,14,(655) 887-6980,guluf-ivabi31@aol.com,94
285,Della,Cole,2012-07-29,50,(818) 318-8710,sojodi_zohu15@mail.com,83
286,Nathaniel,Heath,2014-11-02,2,(386) 961-5380,bevi-ticiyi80@hotmail.com,183
287,Amani,Pollard,2007-10-24,95,(496) 707-1543,veru_worura18@hotmail.com,143
288,Jad,Cabrera,2005-01-04,100,(818) 597-0238,fiv-eguboco66@gmail.com,225
289,Daleyza,Crawford,2019-10-28,77,(747) 429-8630,sora-tucago13@aol.com,114
290,Kevin,Rubio,2021-11-29,15,(412) 926-2969,jew_amodesa15@mail.com,94
291,Hadassah,Hess,2024-04-14,102,(455) 663-1100,kuh_uzuleno51@yahoo.com,288
292,Lawrence,Felix,2023-04-07,11,(345) 705-9755,topo_zesino30@gmail.com,236
293,Paisleigh,Yang,2024-01-02,71,(653) 229-6627,bid_owunije85@gmail.com,62
294,Malcolm,McGee,2022-08-23,39,(326) 473-2778,yar_ezacusi80@hotmail.com,164
295,Kayleigh,Potts,2024-01-14,83,(973) 647-8949,vucoc_emuce36@aol.com,2
296,Alfred,Clarke,2025-06-13,72,(299) 902-9416,cepokul_uvu10@gmail.com,31
297,Kaitlyn,Crane,2024-10-03,36,(334) 551-2846,vikuzo_pama66@gmail.com,276
298,Fox,Delgado,2024-12-20,75,(276) 983-9656,yipam_uxada49@mail.com,22
299,Alani,Klein,2024-11-15,56,(469) 526-0947,jenoja-feku42@hotmail.com,61
300,Marco,Stephenson,2024-09-05,20,(780) 610-3560,gewider_ike96@gmail.com,124
